Workbook

Sheet Dashboard
A2: Mister & Miss BISU TROPIKO 2024
A3: HIMAMAT 2024
A4: September 6, 2023 | BISU Balilihan Multi-Purpose Covered Court
C26: TABULATOR

Sheet Semi-Final
B2: Mister & Miss BISU TROPIKO 2024
B3: HIMAMAT 2024
B4: September 6, 2024 | BISU Balilihan Multi-Purpose Covered Court
A7: CONSOLIDATED RESULTS
B9: Production Number
B11: Male Candidates | M11: Female Candidates
B13: Contestant No. | C13: Judge 1 | E13: Judge 2 | G13: Judge 3 | I13: TOTAL % | J13: TOTAL RANK | K13: FINAL RANK | M13: Contestant No. | N13: Judge 1 | P13: Judge 2 | R13: Judge 3 | T13: TOTAL % | U13: TOTAL RANK | V13: FINAL RANK
C14: % | D14: Rank | E14: % | F14: Rank | G14: % | H14: Rank | N14: % | O14: Rank | P14: % | Q14: Rank | R14: % | S14: Rank
B15: 1 | C15: =('[1]Production Number'!$G16/100)*100 -> 0.97 | D15: =_xlfn.RANK.AVG(C15,$C$15:$C$20) -> 1 | E15: =('[2]Production Number'!$G16/100)*100 -> 0.85 | F15: =_xlfn.RANK.AVG(E15,$E$15:$E$20) -> 3 | G15: =('[3]Production Number'!$G16/100)*100 -> 0.87 | H15: =_xlfn.RANK.AVG(G15,$G$15:$G$20) -> 4.5 | I15: =(C15+E15+G15)/3*100 -> 89.666667 | J15: =(D15+F15+H15) -> 8.5 | K15: =_xlfn.RANK.AVG(J15,$J$15:$J$20,1) -> 3 | M15: 1 | N15: =('[1]Production Number'!$O16/100)*100 -> 0.94 | O15: =_xlfn.RANK.AVG(N15,$N$15:$N$20) -> 3 | P15: =('[2]Production Number'!$O16/100)*100 -> 0.87 | Q15: =_xlfn.RANK.AVG(P15,P$15:P$20) -> 2 | R15: =('[3]Production Number'!$O16/100)*100 -> 0.86 | S15: =_xlfn.RANK.AVG(R15,R$15:R$20) -> 5 | T15: =(N15+P15+R15)/3*100 -> 89 | U15: =(O15+Q15+S15) -> 10 | V15: =_xlfn.RANK.AVG(U15,U$15:U$20,1) -> 3.5
B16: 2 | C16: =('[1]Production Number'!$G17/100)*100 -> 0.94 | D16: =_xlfn.RANK.AVG(C16,C$15:C$20) -> 5 | E16: =('[2]Production Number'!$G17/100)*100 -> 0.82 | F16: =_xlfn.RANK.AVG(E16,E$15:E$20) -> 6 | G16: =('[3]Production Number'!$G17/100)*100 -> 0.87 | H16: =_xlfn.RANK.AVG(G16,G$15:G$20) -> 4.5 | I16: =(C16+E16+G16)/3*100 -> 87.666667 | J16: =(D16+F16+H16) -> 15.5 | K16: =_xlfn.RANK.AVG(J16,J$15:J$20,1) -> 6 | M16: 2 | N16: =('[1]Production Number'!$O17/100)*100 -> 0.93 | O16: =_xlfn.RANK.AVG(N16,N$15:N$20) -> 5.5 | P16: =('[2]Production Number'!$O17/100)*100 -> 0.84 | Q16: =_xlfn.RANK.AVG(P16,P$15:P$20) -> 3.5 | R16: =('[3]Production Number'!$O17/100)*100 -> 0.92 | S16: =_xlfn.RANK.AVG(R16,R$15:R$20) -> 1 | T16: =(N16+P16+R16)/3*100 -> 89.666667 | U16: =(O16+Q16+S16) -> 10 | V16: =_xlfn.RANK.AVG(U16,U$15:U$20,1) -> 3.5
B17: 3 | C17: =('[1]Production Number'!$G18/100)*100 -> 0.95 | D17: =_xlfn.RANK.AVG(C17,C$15:C$20) -> 3 | E17: =('[2]Production Number'!$G18/100)*100 -> 0.85 | F17: =_xlfn.RANK.AVG(E17,E$15:E$20) -> 3 | G17: =('[3]Production Number'!$G18/100)*100 -> 0.94 | H17: =_xlfn.RANK.AVG(G17,G$15:G$20) -> 1 | I17: =(C17+E17+G17)/3*100 -> 91.333333 | J17: =(D17+F17+H17) -> 7 | K17: =_xlfn.RANK.AVG(J17,J$15:J$20,1) -> 1.5 | M17: 3 | N17: =('[1]Production Number'!$O18/100)*100 -> 0.93 | O17: =_xlfn.RANK.AVG(N17,N$15:N$20) -> 5.5 | P17: =('[2]Production Number'!$O18/100)*100 -> 0.83 | Q17: =_xlfn.RANK.AVG(P17,P$15:P$20) -> 5 | R17: =('[3]Production Number'!$O18/100)*100 -> 0.86 | S17: =_xlfn.RANK.AVG(R17,R$15:R$20) -> 5 | T17: =(N17+P17+R17)/3*100 -> 87.333333 | U17: =(O17+Q17+S17) -> 15.5 | V17: =_xlfn.RANK.AVG(U17,U$15:U$20,1) -> 6
B18: 4 | C18: =('[1]Production Number'!$G19/100)*100 -> 0.95 | D18: =_xlfn.RANK.AVG(C18,C$15:C$20) -> 3 | E18: =('[2]Production Number'!$G19/100)*100 -> 0.91 | F18: =_xlfn.RANK.AVG(E18,E$15:E$20) -> 1 | G18: =('[3]Production Number'!$G19/100)*100 -> 0.88 | H18: =_xlfn.RANK.AVG(G18,G$15:G$20) -> 3 | I18: =(C18+E18+G18)/3*100 -> 91.333333 | J18: =(D18+F18+H18) -> 7 | K18: 1 | M18: 4 | N18: =('[1]Production Number'!$O19/100)*100 -> 0.96 | O18: =_xlfn.RANK.AVG(N18,N$15:N$20) -> 1 | P18: =('[2]Production Number'!$O19/100)*100 -> 0.84 | Q18: =_xlfn.RANK.AVG(P18,P$15:P$20) -> 3.5 | R18: =('[3]Production Number'!$O19/100)*100 -> 0.86 | S18: =_xlfn.RANK.AVG(R18,R$15:R$20) -> 5 | T18: =(N18+P18+R18)/3*100 -> 88.666667 | U18: =(O18+Q18+S18) -> 9.5 | V18: =_xlfn.RANK.AVG(U18,U$15:U$20,1) -> 2
B19: 5 | C19: =('[1]Production Number'!$G20/100)*100 -> 0.92 | D19: =_xlfn.RANK.AVG(C19,C$15:C$20) -> 6 | E19: =('[2]Production Number'!$G20/100)*100 -> 0.85 | F19: =_xlfn.RANK.AVG(E19,E$15:E$20) -> 3 | G19: =('[3]Production Number'!$G20/100)*100 -> 0.9 | H19: =_xlfn.RANK.AVG(G19,G$15:G$20) -> 2 | I19: =(C19+E19+G19)/3*100 -> 89 | J19: =(D19+F19+H19) -> 11 | K19: =_xlfn.RANK.AVG(J19,J$15:J$20,1) -> 4 | M19: 5 | N19: =('[1]Production Number'!$O20/100)*100 -> 0.94 | O19: =_xlfn.RANK.AVG(N19,N$15:N$20) -> 3 | P19: =('[2]Production Number'!$O20/100)*100 -> 0.88 | Q19: =_xlfn.RANK.AVG(P19,P$15:P$20) -> 1 | R19: =('[3]Production Number'!$O20/100)*100 -> 0.91 | S19: =_xlfn.RANK.AVG(R19,R$15:R$20) -> 2 | T19: =(N19+P19+R19)/3*100 -> 91 | U19: =(O19+Q19+S19) -> 6 | V19: =_xlfn.RANK.AVG(U19,U$15:U$20,1) -> 1
B20: 6 | C20: =('[1]Production Number'!$G21/100)*100 -> 0.95 | D20: =_xlfn.RANK.AVG(C20,C$15:C$20) -> 3 | E20: =('[2]Production Number'!$G21/100)*100 -> 0.84 | F20: =_xlfn.RANK.AVG(E20,E$15:E$20) -> 5 | G20: =('[3]Production Number'!$G21/100)*100 -> 0.79 | H20: =_xlfn.RANK.AVG(G20,G$15:G$20) -> 6 | I20: =(C20+E20+G20)/3*100 -> 86 | J20: =(D20+F20+H20) -> 14 | K20: =_xlfn.RANK.AVG(J20,J$15:J$20,1) -> 5 | M20: 6 | N20: =('[1]Production Number'!$O21/100)*100 -> 0.94 | O20: =_xlfn.RANK.AVG(N20,N$15:N$20) -> 3 | P20: =('[2]Production Number'!$O21/100)*100 -> 0.82 | Q20: =_xlfn.RANK.AVG(P20,P$15:P$20) -> 6 | R20: =('[3]Production Number'!$O21/100)*100 -> 0.9 | S20: =_xlfn.RANK.AVG(R20,R$15:R$20) -> 3 | T20: =(N20+P20+R20)/3*100 -> 88.666667 | U20: =(O20+Q20+S20) -> 12 | V20: =_xlfn.RANK.AVG(U20,U$15:U$20,1) -> 5
B22: Tropical Attire
B24: Male Candidates | M24: Female Candidates
B26: Contestant No. | C26: Judge 1 | E26: Judge 2 | G26: Judge 3 | I26: TOTAL % | J26: TOTAL RANK | K26: FINAL RANK | M26: Contestant No. | N26: Judge 1 | P26: Judge 2 | R26: Judge 3 | T26: TOTAL % | U26: TOTAL RANK | V26: FINAL RANK
C27: % | D27: Rank | E27: % | F27: Rank | G27: % | H27: Rank | N27: % | O27: Rank | P27: % | Q27: Rank | R27: % | S27: Rank
B28: 1 | C28: =(#REF!/100)*100 -> #REF! | D28: =_xlfn.RANK.AVG(C28,$C$28:$C$33) -> #REF! | E28: =('[2]Tropical Attire'!$G16/100)*100 -> 0.85 | F28: =_xlfn.RANK.AVG(E28,E$28:E$33) -> 5 | G28: =('[3]Tropical Attire'!$G16/100)*100 -> 0.91 | H28: =_xlfn.RANK.AVG(G28,G$28:G$33) -> 4 | I28: =(C28+E28+G28)/3*100 -> #REF! | J28: =(D28+F28+H28) -> #REF! | K28: =_xlfn.RANK.AVG(J28,J$28:J$33,1) -> #REF! | M28: 1 | N28: =(#REF!/100)*100 -> #REF! | O28: =_xlfn.RANK.AVG(N28,$N28:$N33) -> #REF! | P28: =('[2]Tropical Attire'!$O16/100)*100 -> 0.89 | Q28: =_xlfn.RANK.AVG(P28,P$28:P$33) -> 2 | R28: =('[3]Tropical Attire'!$O16/100)*100 -> 0.89 | S28: =_xlfn.RANK.AVG(R28,R$28:R$33) -> 3.5 | T28: =(N28+P28+R28)/3*100 -> #REF! | U28: =(O28+Q28+S28) -> #REF! | V28: =_xlfn.RANK.AVG(U28,U$28:U$33,1) -> #REF!
B29: 2 | C29: =(#REF!/100)*100 -> #REF! | D29: =_xlfn.RANK.AVG(C29,C$28:C$33) -> #REF! | E29: =('[2]Tropical Attire'!$G17/100)*100 -> 0.93 | F29: =_xlfn.RANK.AVG(E29,E$28:E$33) -> 1 | G29: =('[3]Tropical Attire'!$G17/100)*100 -> 0.87 | H29: =_xlfn.RANK.AVG(G29,G$28:G$33) -> 6 | I29: =(C29+E29+G29)/3*100 -> #REF! | J29: =(D29+F29+H29) -> #REF! | K29: =_xlfn.RANK.AVG(J29,J$28:J$33,1) -> #REF! | M29: 2 | N29: =(#REF!/100)*100 -> #REF! | O29: =_xlfn.RANK.AVG(N29,N$28:N$33) -> #REF! | P29: =('[2]Tropical Attire'!$O17/100)*100 -> 0.92 | Q29: =_xlfn.RANK.AVG(P29,P$28:P$33) -> 1 | R29: =('[3]Tropical Attire'!$O17/100)*100 -> 0.92 | S29: =_xlfn.RANK.AVG(R29,R$28:R$33) -> 1 | T29: =(N29+P29+R29)/3*100 -> #REF! | U29: =(O29+Q29+S29) -> #REF! | V29: =_xlfn.RANK.AVG(U29,U$28:U$33,1) -> #REF!
B30: 3 | C30: =(#REF!/100)*100 -> #REF! | D30: =_xlfn.RANK.AVG(C30,$C$28:$C$33) -> #REF! | E30: =('[2]Tropical Attire'!$G18/100)*100 -> 0.84 | F30: =_xlfn.RANK.AVG(E30,E$28:E$33) -> 6 | G30: =('[3]Tropical Attire'!$G18/100)*100 -> 0.93 | H30: =_xlfn.RANK.AVG(G30,G$28:G$33) -> 2 | I30: =(C30+E30+G30)/3*100 -> #REF! | J30: =(D30+F30+H30) -> #REF! | K30: =_xlfn.RANK.AVG(J30,J$28:J$33,1) -> #REF! | M30: 3 | N30: =(#REF!/100)*100 -> #REF! | O30: =_xlfn.RANK.AVG(N30,N$28:N$33) -> #REF! | P30: =('[2]Tropical Attire'!$O18/100)*100 -> 0.85 | Q30: =_xlfn.RANK.AVG(P30,P$28:P$33) -> 6 | R30: =('[3]Tropical Attire'!$O18/100)*100 -> 0.87 | S30: =_xlfn.RANK.AVG(R30,R$28:R$33) -> 6 | T30: =(N30+P30+R30)/3*100 -> #REF! | U30: =(O30+Q30+S30) -> #REF! | V30: =_xlfn.RANK.AVG(U30,U$28:U$33,1) -> #REF!
B31: 4 | C31: =(#REF!/100)*100 -> #REF! | D31: =_xlfn.RANK.AVG(C31,$C$28:$C$33) -> #REF! | E31: =('[2]Tropical Attire'!$G19/100)*100 -> 0.86 | F31: =_xlfn.RANK.AVG(E31,E$28:E$33) -> 4 | G31: =('[3]Tropical Attire'!$G19/100)*100 -> 0.89 | H31: =_xlfn.RANK.AVG(G31,G$28:G$33) -> 5 | I31: =(C31+E31+G31)/3*100 -> #REF! | J31: =(D31+F31+H31) -> #REF! | K31: =_xlfn.RANK.AVG(J31,J$28:J$33,1) -> #REF! | M31: 4 | N31: =(#REF!/100)*100 -> #REF! | O31: =_xlfn.RANK.AVG(N31,N$28:N$33) -> #REF! | P31: =('[2]Tropical Attire'!$O19/100)*100 -> 0.88 | Q31: =_xlfn.RANK.AVG(P31,P$28:P$33) -> 4 | R31: =('[3]Tropical Attire'!$O19/100)*100 -> 0.89 | S31: =_xlfn.RANK.AVG(R31,R$28:R$33) -> 3.5 | T31: =(N31+P31+R31)/3*100 -> #REF! | U31: =(O31+Q31+S31) -> #REF! | V31: =_xlfn.RANK.AVG(U31,U$28:U$33,1) -> #REF!
B32: 5 | C32: =(#REF!/100)*100 -> #REF! | D32: =_xlfn.RANK.AVG(C32,$C$28:$C$33) -> #REF! | E32: =('[2]Tropical Attire'!$G20/100)*100 -> 0.87 | F32: =_xlfn.RANK.AVG(E32,E$28:E$33) -> 3 | G32: =('[3]Tropical Attire'!$G20/100)*100 -> 0.94 | H32: =_xlfn.RANK.AVG(G32,G$28:G$33) -> 1 | I32: =(C32+E32+G32)/3*100 -> #REF! | J32: =(D32+F32+H32) -> #REF! | K32: =_xlfn.RANK.AVG(J32,J$28:J$33,1) -> #REF! | M32: 5 | N32: =(#REF!/100)*100 -> #REF! | O32: =_xlfn.RANK.AVG(N32,N$28:N$33) -> #REF! | P32: =('[2]Tropical Attire'!$O20/100)*100 -> 0.88 | Q32: =_xlfn.RANK.AVG(P32,P$28:P$33) -> 4 | R32: =('[3]Tropical Attire'!$O20/100)*100 -> 0.9 | S32: =_xlfn.RANK.AVG(R32,R$28:R$33) -> 2 | T32: =(N32+P32+R32)/3*100 -> #REF! | U32: =(O32+Q32+S32) -> #REF! | V32: =_xlfn.RANK.AVG(U32,U$28:U$33,1) -> #REF!
B33: 6 | C33: =(#REF!/100)*100 -> #REF! | D33: =_xlfn.RANK.AVG(C33,$C$28:$C$33) -> #REF! | E33: =('[2]Tropical Attire'!$G21/100)*100 -> 0.9 | F33: =_xlfn.RANK.AVG(E33,E$28:E$33) -> 2 | G33: =('[3]Tropical Attire'!$G21/100)*100 -> 0.92 | H33: =_xlfn.RANK.AVG(G33,G$28:G$33) -> 3 | I33: =(C33+E33+G33)/3*100 -> #REF! | J33: =(D33+F33+H33) -> #REF! | K33: =_xlfn.RANK.AVG(J33,J$28:J$33,1) -> #REF! | M33: 6 | N33: =(#REF!/100)*100 -> #REF! | O33: =_xlfn.RANK.AVG(N33,N$28:N$33) -> #REF! | P33: =('[2]Tropical Attire'!$O21/100)*100 -> 0.88 | Q33: =_xlfn.RANK.AVG(P33,P$28:P$33) -> 4 | R33: =('[3]Tropical Attire'!$O21/100)*100 -> 0.88 | S33: =_xlfn.RANK.AVG(R33,R$28:R$33) -> 5 | T33: =(N33+P33+R33)/3*100 -> #REF! | U33: =(O33+Q33+S33) -> #REF! | V33: =_xlfn.RANK.AVG(U33,U$28:U$33,1) -> #REF!
B35: Casual Interview
B37: Male Candidates | M37: Female Candidates
B39: Contestant No. | C39: Judge 1 | E39: Judge 2 | G39: Judge 3 | I39: TOTAL % | J39: TOTAL RANK | K39: FINAL RANK | M39: Contestant No. | N39: Judge 1 | P39: Judge 2 | R39: Judge 3 | T39: TOTAL % | U39: TOTAL RANK | V39: FINAL RANK
C40: % | D40: Rank | E40: % | F40: Rank | G40: % | H40: Rank | N40: % | O40: Rank | P40: % | Q40: Rank | R40: % | S40: Rank
B41: 1 | C41: =('[1]Casual Interview'!$G16/100)*100 -> 0.86 | D41: =_xlfn.RANK.AVG(C41,$C$41:$C$46) -> 6 | E41: =('[2]Casual Interview'!$G16/100)*100 -> 0.8 | F41: =_xlfn.RANK.AVG(E41,$E$41:$E$46) -> 6 | G41: =('[3]Casual Interview'!$G16/100)*100 -> 0.85 | H41: =_xlfn.RANK.AVG(G41,G$41:G$46) -> 5 | I41: =(C41+E41+G41)/3*100 -> 83.666667 | J41: =(D41+F41+H41) -> 17 | K41: =_xlfn.RANK.AVG(J41,J$41:J$46,1) -> 6 | M41: 1 | N41: =('[1]Casual Interview'!$O16/100)*100 -> 0.85 | O41: =_xlfn.RANK.AVG(N41,$N$41:$N$46) -> 4.5 | P41: =('[2]Casual Interview'!$O16/100)*100 -> 0.86 | Q41: =_xlfn.RANK.AVG(P41,P$41:P$46) -> 3 | R41: =('[3]Casual Interview'!$O16/100)*100 -> 0.86 | S41: =_xlfn.RANK.AVG(R41,R$41:R$46) -> 5 | T41: =(N41+P41+R41)/3*100 -> 85.666667 | U41: =(O41+Q41+S41) -> 12.5 | V41: =_xlfn.RANK.AVG(U41,U$41:U$46,1) -> 4
B42: 2 | C42: =('[1]Casual Interview'!$G17/100)*100 -> 0.93 | D42: =_xlfn.RANK.AVG(C42,$C$41:$C$46) -> 3.5 | E42: =('[2]Casual Interview'!$G17/100)*100 -> 0.87 | F42: =_xlfn.RANK.AVG(E42,$E$41:$E$46) -> 3.5 | G42: =('[3]Casual Interview'!$G17/100)*100 -> 0.86 | H42: =_xlfn.RANK.AVG(G42,G$41:G$46) -> 4 | I42: =(C42+E42+G42)/3*100 -> 88.666667 | J42: =(D42+F42+H42) -> 11 | K42: =_xlfn.RANK.AVG(J42,J$41:J$46,1) -> 4 | M42: 2 | N42: =('[1]Casual Interview'!$O17/100)*100 -> 0.92 | O42: =_xlfn.RANK.AVG(N42,$N$41:$N$46) -> 2 | P42: =('[2]Casual Interview'!$O17/100)*100 -> 0.87 | Q42: =_xlfn.RANK.AVG(P42,P$41:P$46) -> 2 | R42: =('[3]Casual Interview'!$O17/100)*100 -> 0.94 | S42: =_xlfn.RANK.AVG(R42,R$41:R$46) -> 1 | T42: =(N42+P42+R42)/3*100 -> 91 | U42: =(O42+Q42+S42) -> 5 | V42: =_xlfn.RANK.AVG(U42,U$41:U$46,1) -> 1
B43: 3 | C43: =('[1]Casual Interview'!$G18/100)*100 -> 0.95 | D43: =_xlfn.RANK.AVG(C43,$C$41:$C$46) -> 2 | E43: =('[2]Casual Interview'!$G18/100)*100 -> 0.87 | F43: =_xlfn.RANK.AVG(E43,$E$41:$E$46) -> 3.5 | G43: =('[3]Casual Interview'!$G18/100)*100 -> 0.95 | H43: =_xlfn.RANK.AVG(G43,G$41:G$46) -> 1 | I43: =(C43+E43+G43)/3*100 -> 92.333333 | J43: =(D43+F43+H43) -> 6.5 | K43: =_xlfn.RANK.AVG(J43,J$41:J$46,1) -> 2 | M43: 3 | N43: =('[1]Casual Interview'!$O18/100)*100 -> 0.85 | O43: =_xlfn.RANK.AVG(N43,$N$41:$N$46) -> 4.5 | P43: =('[2]Casual Interview'!$O18/100)*100 -> 0.82 | Q43: =_xlfn.RANK.AVG(P43,P$41:P$46) -> 5 | R43: =('[3]Casual Interview'!$O18/100)*100 -> 0.88 | S43: =_xlfn.RANK.AVG(R43,R$41:R$46) -> 4 | T43: =(N43+P43+R43)/3*100 -> 85 | U43: =(O43+Q43+S43) -> 13.5 | V43: =_xlfn.RANK.AVG(U43,U$41:U$46,1) -> 5
B44: 4 | C44: =('[1]Casual Interview'!$G19/100)*100 -> 0.92 | D44: =_xlfn.RANK.AVG(C44,$C$41:$C$46) -> 5 | E44: =('[2]Casual Interview'!$G19/100)*100 -> 0.83 | F44: =_xlfn.RANK.AVG(E44,$E$41:$E$46) -> 5 | G44: =('[3]Casual Interview'!$G19/100)*100 -> 0.84 | H44: =_xlfn.RANK.AVG(G44,G$41:G$46) -> 6 | I44: =(C44+E44+G44)/3*100 -> 86.333333 | J44: =(D44+F44+H44) -> 16 | K44: =_xlfn.RANK.AVG(J44,J$41:J$46,1) -> 5 | M44: 4 | N44: =('[1]Casual Interview'!$O19/100)*100 -> 0.94 | O44: =_xlfn.RANK.AVG(N44,$N$41:$N$46) -> 1 | P44: =('[2]Casual Interview'!$O19/100)*100 -> 0.85 | Q44: =_xlfn.RANK.AVG(P44,P$41:P$46) -> 4 | R44: =('[3]Casual Interview'!$O19/100)*100 -> 0.92 | S44: =_xlfn.RANK.AVG(R44,R$41:R$46) -> 2 | T44: =(N44+P44+R44)/3*100 -> 90.333333 | U44: =(O44+Q44+S44) -> 7 | V44: =_xlfn.RANK.AVG(U44,U$41:U$46,1) -> 2.5
B45: 5 | C45: =('[1]Casual Interview'!$G20/100)*100 -> 0.93 | D45: =_xlfn.RANK.AVG(C45,$C$41:$C$46) -> 3.5 | E45: =('[2]Casual Interview'!$G20/100)*100 -> 0.9 | F45: =_xlfn.RANK.AVG(E45,$E$41:$E$46) -> 1 | G45: =('[3]Casual Interview'!$G20/100)*100 -> 0.87 | H45: =_xlfn.RANK.AVG(G45,G$41:G$46) -> 3 | I45: =(C45+E45+G45)/3*100 -> 90 | J45: =(D45+F45+H45) -> 7.5 | K45: =_xlfn.RANK.AVG(J45,J$41:J$46,1) -> 3 | M45: 5 | N45: =('[1]Casual Interview'!$O20/100)*100 -> 0.88 | O45: =_xlfn.RANK.AVG(N45,$N$41:$N$46) -> 3 | P45: =('[2]Casual Interview'!$O20/100)*100 -> 0.88 | Q45: =_xlfn.RANK.AVG(P45,P$41:P$46) -> 1 | R45: =('[3]Casual Interview'!$O20/100)*100 -> 0.9 | S45: =_xlfn.RANK.AVG(R45,R$41:R$46) -> 3 | T45: =(N45+P45+R45)/3*100 -> 88.666667 | U45: =(O45+Q45+S45) -> 7 | V45: =_xlfn.RANK.AVG(U45,U$41:U$46,1) -> 2.5
B46: 6 | C46: =('[1]Casual Interview'!$G21/100)*100 -> 0.98 | D46: =_xlfn.RANK.AVG(C46,$C$41:$C$46) -> 1 | E46: =('[2]Casual Interview'!$G21/100)*100 -> 0.89 | F46: =_xlfn.RANK.AVG(E46,$E$41:$E$46) -> 2 | G46: =('[3]Casual Interview'!$G21/100)*100 -> 0.94 | H46: =_xlfn.RANK.AVG(G46,G$41:G$46) -> 2 | I46: =(C46+E46+G46)/3*100 -> 93.666667 | J46: =(D46+F46+H46) -> 5 | K46: =_xlfn.RANK.AVG(J46,J$41:J$46,1) -> 1 | M46: 6 | N46: =('[1]Casual Interview'!$O21/100)*100 -> 0.84 | O46: =_xlfn.RANK.AVG(N46,$N$41:$N$46) -> 6 | P46: =('[2]Casual Interview'!$O21/100)*100 -> 0.79 | Q46: =_xlfn.RANK.AVG(P46,P$41:P$46) -> 6 | R46: =('[3]Casual Interview'!$O21/100)*100 -> 0.8 | S46: =_xlfn.RANK.AVG(R46,R$41:R$46) -> 6 | T46: =(N46+P46+R46)/3*100 -> 81 | U46: =(O46+Q46+S46) -> 18 | V46: =_xlfn.RANK.AVG(U46,U$41:U$46,1) -> 6
B48: Top 3 Finalists
B49: (Point System)
B51: Male Candidates | M51: Female Candidates
B53: Contestant No. | C53: Category | I53: TOTAL % | J53: TOTAL RANK | K53: FINAL RANK | M53: Contestant No. | N53: Category | T53: TOTAL % | U53: TOTAL RANK | V53: FINAL RANK
C54: Production Number | F54: Vintage Attire Presentation | N54: Production Number | Q54: Vintage Attire Presentation
C55: Points Earned | D55: 0.5 | E55: Rank | F55: Points Earned | G55: 0.5 | H55: Rank | N55: Points Earned | O55: 0.5 | P55: Rank | Q55: Points Earned | R55: 0.5 | S55: Rank
B56: 1 | C56: =I15/100 -> 0.89666667 | D56: =$C56*0.5 -> 0.44833333 | E56: =_xlfn.RANK.AVG(D56,D$56:D$61) -> 3 | F56: =I28/100 -> #REF! | G56: =$F56*0.5 -> #REF! | H56: =_xlfn.RANK.AVG(G56,G$56:G$61) -> #REF! | I56: =(D56+G56)/100*100 -> #REF! | J56: =(E56+H56) -> #REF! | K56: =_xlfn.RANK.AVG(J56,J$56:J$61,1) -> #REF! | M56: 1 | N56: =T15/100 -> 0.89 | O56: =$N56*0.5 -> 0.445 | P56: =_xlfn.RANK.AVG(O56,O$56:O$61) -> 3 | Q56: =T28/100 -> #REF! | R56: =$Q56*0.5 -> #REF! | S56: =_xlfn.RANK.AVG(R56,R$56:R$61) -> #REF! | T56: =(O56+R56)/100*100 -> #REF! | U56: =(P56+S56) -> #REF! | V56: =_xlfn.RANK.AVG(U56,U$56:U$61,1) -> #REF!
B57: 2 | C57: =I16/100 -> 0.87666667 | D57: =$C57*0.5 -> 0.43833333 | E57: =_xlfn.RANK.AVG(D57,D$56:D$61) -> 5 | F57: =I29/100 -> #REF! | G57: =$F57*0.5 -> #REF! | H57: =_xlfn.RANK.AVG(G57,G$56:G$61) -> #REF! | I57: =(D57+G57)/100*100 -> #REF! | J57: =(E57+H57) -> #REF! | K57: =_xlfn.RANK.AVG(J57,J$56:J$61,1) -> #REF! | M57: 2 | N57: =T16/100 -> 0.89666667 | O57: =$N57*0.5 -> 0.44833333 | P57: =_xlfn.RANK.AVG(O57,O$56:O$61) -> 2 | Q57: =T29/100 -> #REF! | R57: =$Q57*0.5 -> #REF! | S57: =_xlfn.RANK.AVG(R57,R$56:R$61) -> #REF! | T57: =(O57+R57)/100*100 -> #REF! | U57: =(P57+S57) -> #REF! | V57: =_xlfn.RANK.AVG(U57,U$56:U$61,1) -> #REF!
B58: 3 | C58: =I17/100 -> 0.91333333 | D58: =$C58*0.5 -> 0.45666667 | E58: =_xlfn.RANK.AVG(D58,D$56:D$61) -> 1.5 | F58: =I30/100 -> #REF! | G58: =$F58*0.5 -> #REF! | H58: =_xlfn.RANK.AVG(G58,G$56:G$61) -> #REF! | I58: =(D58+G58)/100*100 -> #REF! | J58: =(E58+H58) -> #REF! | K58: =_xlfn.RANK.AVG(J58,J$56:J$61,1) -> #REF! | M58: 3 | N58: =T17/100 -> 0.87333333 | O58: =$N58*0.5 -> 0.43666667 | P58: =_xlfn.RANK.AVG(O58,O$56:O$61) -> 6 | Q58: =T30/100 -> #REF! | R58: =$Q58*0.5 -> #REF! | S58: =_xlfn.RANK.AVG(R58,R$56:R$61) -> #REF! | T58: =(O58+R58)/100*100 -> #REF! | U58: =(P58+S58) -> #REF! | V58: =_xlfn.RANK.AVG(U58,U$56:U$61,1) -> #REF!
B59: 4 | C59: =I18/100 -> 0.91333333 | D59: =$C59*0.5 -> 0.45666667 | E59: =_xlfn.RANK.AVG(D59,D$56:D$61) -> 1.5 | F59: =I31/100 -> #REF! | G59: =$F59*0.5 -> #REF! | H59: =_xlfn.RANK.AVG(G59,G$56:G$61) -> #REF! | I59: =(D59+G59)/100*100 -> #REF! | J59: =(E59+H59) -> #REF! | K59: =_xlfn.RANK.AVG(J59,J$56:J$61,1) -> #REF! | M59: 4 | N59: =T18/100 -> 0.88666667 | O59: =$N59*0.5 -> 0.44333333 | P59: =_xlfn.RANK.AVG(O59,O$56:O$61) -> 5 | Q59: =T31/100 -> #REF! | R59: =$Q59*0.5 -> #REF! | S59: =_xlfn.RANK.AVG(R59,R$56:R$61) -> #REF! | T59: =(O59+R59)/100*100 -> #REF! | U59: =(P59+S59) -> #REF! | V59: =_xlfn.RANK.AVG(U59,U$56:U$61,1) -> #REF!
B60: 5 | C60: =I19/100 -> 0.89 | D60: =$C60*0.5 -> 0.445 | E60: =_xlfn.RANK.AVG(D60,D$56:D$61) -> 4 | F60: =I32/100 -> #REF! | G60: =$F60*0.5 -> #REF! | H60: =_xlfn.RANK.AVG(G60,G$56:G$61) -> #REF! | I60: =(D60+G60)/100*100 -> #REF! | J60: =(E60+H60) -> #REF! | K60: =_xlfn.RANK.AVG(J60,J$56:J$61,1) -> #REF! | M60: 5 | N60: =T19/100 -> 0.91 | O60: =$N60*0.5 -> 0.455 | P60: =_xlfn.RANK.AVG(O60,O$56:O$61) -> 1 | Q60: =T32/100 -> #REF! | R60: =$Q60*0.5 -> #REF! | S60: =_xlfn.RANK.AVG(R60,R$56:R$61) -> #REF! | T60: =(O60+R60)/100*100 -> #REF! | U60: =(P60+S60) -> #REF! | V60: =_xlfn.RANK.AVG(U60,U$56:U$61,1) -> #REF!
B61: 6 | C61: =I20/100 -> 0.86 | D61: =$C61*0.5 -> 0.43 | E61: =_xlfn.RANK.AVG(D61,D$56:D$61) -> 6 | F61: =I33/100 -> #REF! | G61: =$F61*0.5 -> #REF! | H61: =_xlfn.RANK.AVG(G61,G$56:G$61) -> #REF! | I61: =(D61+G61)/100*100 -> #REF! | J61: =(E61+H61) -> #REF! | K61: =_xlfn.RANK.AVG(J61,J$56:J$61,1) -> #REF! | M61: 6 | N61: =T20/100 -> 0.88666667 | O61: =$N61*0.5 -> 0.44333333 | P61: =_xlfn.RANK.AVG(O61,O$56:O$61) -> 4 | Q61: =T33/100 -> #REF! | R61: =$Q61*0.5 -> #REF! | S61: =_xlfn.RANK.AVG(R61,R$56:R$61) -> #REF! | T61: =(O61+R61)/100*100 -> #REF! | U61: =(P61+S61) -> #REF! | V61: =_xlfn.RANK.AVG(U61,U$56:U$61,1) -> #REF!
B63: Top 3 Finalists
B64: (Rank System)
B66: Male Candidates | M66: Female Candidates
B68: Contestant No. | C68: Category | I68: TOTAL RANK | J68: TOTAL % | K68: FINAL RANK | M68: Contestant No. | N68: Category | T68: TOTAL RANK | U68: TOTAL % | V68: FINAL RANK
C69: PN | E69: TA | G69: CI | N69: PN | P69: TA | R69: CI
C70: Rank | D70: 0.25 | E70: Rank | F70: 0.4 | G70: Rank | H70: 0.35 | N70: Rank | O70: 0.25 | P70: Rank | Q70: 0.4 | R70: Rank | S70: 0.35
B71: 1 | C71: =K15 -> 3 | D71: =(C71/100)*25 -> 0.75 | E71: =K28 -> #REF! | F71: =(E71/100)*40 -> #REF! | G71: =K41 -> 6 | H71: =(G71/100)*35 -> 2.1 | I71: =(C71+E71+G71) -> #REF! | J71: =(D71+F71+H71)/3 -> #REF! | K71: =_xlfn.RANK.AVG(J71,J$71:J$76,1) -> #REF! | M71: 1 | N71: =V15 -> 3.5 | O71: =(N71/100)*25 -> 0.875 | P71: =V28 -> #REF! | Q71: =(P71/100)*40 -> #REF! | R71: =V41 -> 4 | S71: =(R71/100)*35 -> 1.4 | T71: =(N71+P71+R71) -> #REF! | U71: =(O71+Q71+S71)/3 -> #REF! | V71: =_xlfn.RANK.AVG(U71,U$71:U$76,1) -> #REF!
B72: 2 | C72: =K16 -> 6 | D72: =(C72/100)*25 -> 1.5 | E72: =K29 -> #REF! | F72: =(E72/100)*40 -> #REF! | G72: =K42 -> 4 | H72: =(G72/100)*35 -> 1.4 | I72: =(C72+E72+G72) -> #REF! | J72: =(D72+F72+H72)/3 -> #REF! | K72: =_xlfn.RANK.AVG(J72,J$71:J$76,1) -> #REF! | M72: 2 | N72: =V16 -> 3.5 | O72: =(N72/100)*25 -> 0.875 | P72: =V29 -> #REF! | Q72: =(P72/100)*40 -> #REF! | R72: =V42 -> 1 | S72: =(R72/100)*35 -> 0.35 | T72: =(N72+P72+R72) -> #REF! | U72: =(O72+Q72+S72)/3 -> #REF! | V72: =_xlfn.RANK.AVG(U72,U$71:U$76,1) -> #REF!
B73: 3 | C73: =K17 -> 1.5 | D73: =(C73/100)*25 -> 0.375 | E73: =K30 -> #REF! | F73: =(E73/100)*40 -> #REF! | G73: =K43 -> 2 | H73: =(G73/100)*35 -> 0.7 | I73: =(C73+E73+G73) -> #REF! | J73: =(D73+F73+H73)/3 -> #REF! | K73: =_xlfn.RANK.AVG(J73,J$71:J$76,1) -> #REF! | M73: 3 | N73: =V17 -> 6 | O73: =(N73/100)*25 -> 1.5 | P73: =V30 -> #REF! | Q73: =(P73/100)*40 -> #REF! | R73: =V43 -> 5 | S73: =(R73/100)*35 -> 1.75 | T73: =(N73+P73+R73) -> #REF! | U73: =(O73+Q73+S73)/3 -> #REF! | V73: =_xlfn.RANK.AVG(U73,U$71:U$76,1) -> #REF!
B74: 4 | C74: =K18 -> 1 | D74: =(C74/100)*25 -> 0.25 | E74: =K31 -> #REF! | F74: =(E74/100)*40 -> #REF! | G74: =K44 -> 5 | H74: =(G74/100)*35 -> 1.75 | I74: =(C74+E74+G74) -> #REF! | J74: =(D74+F74+H74)/3 -> #REF! | K74: =_xlfn.RANK.AVG(J74,J$71:J$76,1) -> #REF! | M74: 4 | N74: =V18 -> 2 | O74: =(N74/100)*25 -> 0.5 | P74: =V31 -> #REF! | Q74: =(P74/100)*40 -> #REF! | R74: =V44 -> 2.5 | S74: =(R74/100)*35 -> 0.875 | T74: =(N74+P74+R74) -> #REF! | U74: =(O74+Q74+S74)/3 -> #REF! | V74: =_xlfn.RANK.AVG(U74,U$71:U$76,1) -> #REF!
B75: 5 | C75: =K19 -> 4 | D75: =(C75/100)*25 -> 1 | E75: =K32 -> #REF! | F75: =(E75/100)*40 -> #REF! | G75: =K45 -> 3 | H75: =(G75/100)*35 -> 1.05 | I75: =(C75+E75+G75) -> #REF! | J75: =(D75+F75+H75)/3 -> #REF! | K75: =_xlfn.RANK.AVG(J75,J$71:J$76,1) -> #REF! | M75: 5 | N75: =V19 -> 1 | O75: =(N75/100)*25 -> 0.25 | P75: =V32 -> #REF! | Q75: =(P75/100)*40 -> #REF! | R75: =V45 -> 2.5 | S75: =(R75/100)*35 -> 0.875 | T75: =(N75+P75+R75) -> #REF! | U75: =(O75+Q75+S75)/3 -> #REF! | V75: =_xlfn.RANK.AVG(U75,U$71:U$76,1) -> #REF!
B76: 6 | C76: =K20 -> 5 | D76: =(C76/100)*25 -> 1.25 | E76: =K33 -> #REF! | F76: =(E76/100)*40 -> #REF! | G76: =K46 -> 1 | H76: =(G76/100)*35 -> 0.35 | I76: =(C76+E76+G76) -> #REF! | J76: =(D76+F76+H76)/3 -> #REF! | K76: =_xlfn.RANK.AVG(J76,J$71:J$76,1) -> #REF! | M76: 6 | N76: =V20 -> 5 | O76: =(N76/100)*25 -> 1.25 | P76: =V33 -> #REF! | Q76: =(P76/100)*40 -> #REF! | R76: =V46 -> 6 | S76: =(R76/100)*35 -> 2.1 | T76: =(N76+P76+R76) -> #REF! | U76: =(O76+Q76+S76)/3 -> #REF! | V76: =_xlfn.RANK.AVG(U76,U$71:U$76,1) -> #REF!
B78: Question and Answer
B80: Male Candidates | M80: Female Candidates
B82: Contestant No. | C82: Judge 1 | E82: Judge 2 | G82: Judge 3 | I82: TOTAL % | J82: TOTAL RANK | K82: FINAL RANK | M82: Contestant No. | N82: Judge 1 | P82: Judge 2 | R82: Judge 3 | T82: TOTAL % | U82: TOTAL RANK | V82: FINAL RANK
C83: % | D83: Rank | E83: % | F83: Rank | G83: % | H83: Rank | N83: % | O83: Rank | P83: % | Q83: Rank | R83: % | S83: Rank
B84: {=_xlfn._xlws.SORT(_xlfn._xlws.FILTER(B71:K76,K71:K76<=SMALL(K71:K76,3)),2,-1)} -> #REF! | C84: =#REF! -> #REF! | D84: =_xlfn.RANK.AVG(C84,C$84:C$86) -> #REF! | E84: =#REF! -> #REF! | F84: =_xlfn.RANK.AVG(E84,E$84:E$86) -> #REF! | G84: =#REF! -> #REF! | H84: =_xlfn.RANK.AVG(G84,G$84:G$86) -> #REF! | I84: =(C84+E84+G84)/3*100 -> #REF! | J84: =(D84+F84+H84) -> #REF! | K84: =_xlfn.RANK.AVG(J84,$J$84:$J$86,1) -> #REF! | N84: =#REF! -> #REF! | O84: =_xlfn.RANK.AVG(N84,N$84:N$86) -> #REF! | P84: =#REF! -> #REF! | Q84: =_xlfn.RANK.AVG(P84,P$84:P$86) -> #REF! | R84: =#REF! -> #REF! | S84: =_xlfn.RANK.AVG(R84,R$84:R$86) -> #REF! | T84: =(N84+P84+R84)/3*100 -> #REF! | U84: =(O84+Q84+S84) -> #REF! | V84: =_xlfn.RANK.AVG(U84,$U$84:$U$86,1) -> #REF!
C85: =#REF! -> #REF! | D85: =_xlfn.RANK.AVG(C85,C$84:C$86) -> #REF! | E85: =#REF! -> #REF! | F85: =_xlfn.RANK.AVG(E85,E$84:E$86) -> #REF! | G85: =#REF! -> #REF! | H85: =_xlfn.RANK.AVG(G85,G$84:G$86) -> #REF! | I85: =(C85+E85+G85)/3*100 -> #REF! | J85: =(D85+F85+H85) -> #REF! | K85: =_xlfn.RANK.AVG(J85,$J$84:$J$86,1) -> #REF! | N85: =#REF! -> #REF! | O85: =_xlfn.RANK.AVG(N85,N$84:N$86) -> #REF! | P85: =#REF! -> #REF! | Q85: =_xlfn.RANK.AVG(P85,P$84:P$86) -> #REF! | R85: =#REF! -> #REF! | S85: =_xlfn.RANK.AVG(R85,R$84:R$86) -> #REF! | T85: =(N85+P85+R85)/3*100 -> #REF! | U85: =(O85+Q85+S85) -> #REF! | V85: =_xlfn.RANK.AVG(U85,$U$84:$U$86,1) -> #REF!
C86: =#REF! -> #REF! | D86: =_xlfn.RANK.AVG(C86,C$84:C$86) -> #REF! | E86: =#REF! -> #REF! | F86: =_xlfn.RANK.AVG(E86,E$84:E$86) -> #REF! | G86: =#REF! -> #REF! | H86: =_xlfn.RANK.AVG(G86,G$84:G$86) -> #REF! | I86: =(C86+E86+G86)/3*100 -> #REF! | J86: =(D86+F86+H86) -> #REF! | K86: =_xlfn.RANK.AVG(J86,$J$84:$J$86,1) -> #REF! | N86: =#REF! -> #REF! | O86: =_xlfn.RANK.AVG(N86,N$84:N$86) -> #REF! | P86: =#REF! -> #REF! | Q86: =_xlfn.RANK.AVG(P86,P$84:P$86) -> #REF! | R86: =#REF! -> #REF! | S86: =_xlfn.RANK.AVG(R86,R$84:R$86) -> #REF! | T86: =(N86+P86+R86)/3*100 -> #REF! | U86: =(O86+Q86+S86) -> #REF! | V86: =_xlfn.RANK.AVG(U86,$U$84:$U$86,1) -> #REF!
B87: Top 3
B89: Male Candidates | M89: Female Candidates
B91: Contestant No. | C91: Judge 1 | E91: Judge 2 | G91: Judge 3 | I91: TOTAL % | J91: TOTAL RANK | K91: FINAL RANK | M91: Contestant No. | N91: Judge 1 | P91: Judge 2 | R91: Judge 3 | T91: TOTAL % | U91: TOTAL RANK | V91: FINAL RANK
C92: % | D92: Rank | E92: % | F92: Rank | G92: % | H92: Rank | N92: % | O92: Rank | P92: % | Q92: Rank | R92: % | S92: Rank
B93: =INDEX(B71:B76,MATCH(SMALL(K71:K76,1),K71:K76,0)) -> #REF! | C93: =('[2]Casual Interview'!$G68/100)*100 -> 0 | D93: =_xlfn.RANK.AVG(C93,$C$41:$C$46) -> #N/A | E93: =('[2]Casual Interview'!$G68/100)*100 -> 0 | F93: =_xlfn.RANK.AVG(E93,$E$41:$E$46) -> #N/A | G93: =('[2]Casual Interview'!$G68/100)*100 -> 0 | H93: =_xlfn.RANK.AVG(G93,G$41:G$46) -> #N/A | I93: =(C93+E93+G93)/3*100 -> 0 | J93: =(D93+F93+H93) -> #N/A | K93: =_xlfn.RANK.AVG(J93,J$41:J$46,1) -> #N/A | M93: 1 | N93: =('[2]Casual Interview'!$O68/100)*100 -> 0 | O93: =_xlfn.RANK.AVG(N93,$N$41:$N$46) -> #N/A | P93: =('[2]Casual Interview'!$O68/100)*100 -> 0 | Q93: =_xlfn.RANK.AVG(P93,P$41:P$46) -> #N/A | R93: =('[2]Casual Interview'!$O68/100)*100 -> 0 | S93: =_xlfn.RANK.AVG(R93,R$41:R$46) -> #N/A | T93: =(N93+P93+R93)/3*100 -> 0 | U93: =(O93+Q93+S93) -> #N/A | V93: =_xlfn.RANK.AVG(U93,U$41:U$46,1) -> #N/A
B94: 2 | C94: =('[2]Casual Interview'!$G69/100)*100 -> 0 | D94: =_xlfn.RANK.AVG(C94,$C$41:$C$46) -> #N/A | E94: =('[2]Casual Interview'!$G69/100)*100 -> 0 | F94: =_xlfn.RANK.AVG(E94,$E$41:$E$46) -> #N/A | G94: =('[2]Casual Interview'!$G69/100)*100 -> 0 | H94: =_xlfn.RANK.AVG(G94,G$41:G$46) -> #N/A | I94: =(C94+E94+G94)/3*100 -> 0 | J94: =(D94+F94+H94) -> #N/A | K94: =_xlfn.RANK.AVG(J94,J$41:J$46,1) -> #N/A | M94: 2 | N94: =('[2]Casual Interview'!$O69/100)*100 -> 0 | O94: =_xlfn.RANK.AVG(N94,$N$41:$N$46) -> #N/A | P94: =('[2]Casual Interview'!$O69/100)*100 -> 0 | Q94: =_xlfn.RANK.AVG(P94,P$41:P$46) -> #N/A | R94: =('[2]Casual Interview'!$O69/100)*100 -> 0 | S94: =_xlfn.RANK.AVG(R94,R$41:R$46) -> #N/A | T94: =(N94+P94+R94)/3*100 -> 0 | U94: =(O94+Q94+S94) -> #N/A | V94: =_xlfn.RANK.AVG(U94,U$41:U$46,1) -> #N/A
B95: 6 | C95: =('[2]Casual Interview'!$G73/100)*100 -> 0 | D95: =_xlfn.RANK.AVG(C95,$C$41:$C$46) -> #N/A | E95: =('[2]Casual Interview'!$G73/100)*100 -> 0 | F95: =_xlfn.RANK.AVG(E95,$E$41:$E$46) -> #N/A | G95: =('[2]Casual Interview'!$G73/100)*100 -> 0 | H95: =_xlfn.RANK.AVG(G95,G$41:G$46) -> #N/A | I95: =(C95+E95+G95)/3*100 -> 0 | J95: =(D95+F95+H95) -> #N/A | K95: =_xlfn.RANK.AVG(J95,J$41:J$46,1) -> #N/A | M95: 6 | N95: =('[2]Casual Interview'!$O73/100)*100 -> 0 | O95: =_xlfn.RANK.AVG(N95,$N$41:$N$46) -> #N/A | P95: =('[2]Casual Interview'!$O73/100)*100 -> 0 | Q95: =_xlfn.RANK.AVG(P95,P$41:P$46) -> #N/A | R95: =('[2]Casual Interview'!$O73/100)*100 -> 0 | S95: =_xlfn.RANK.AVG(R95,R$41:R$46) -> #N/A | T95: =(N95+P95+R95)/3*100 -> 0 | U95: =(O95+Q95+S95) -> #N/A | V95: =_xlfn.RANK.AVG(U95,U$41:U$46,1) -> #N/A

Sheet Final
B2: Mister & Miss BISU TROPIKO 2024
B3: HIMAMAT 2024
B4: September 6, 2024 | BISU Balilihan Multi-Purpose Covered Court
A7: CONSOLIDATED RESULT
B11: Question and Answer
B12: Final Round
B14: Male Candidates | M14: Female Candidates
B16: Contestant No. | C16: Judge 1 | E16: Judge 2 | G16: Judge 3 | I16: TOTAL % | J16: TOTAL RANK | K16: FINAL RANK | M16: Contestant No. | N16: Judge 1 | P16: Judge 2 | R16: Judge 3 | T16: TOTAL % | U16: TOTAL RANK | V16: FINAL RANK
C17: % | D17: Rank | E17: % | F17: Rank | G17: % | H17: Rank | N17: % | O17: Rank | P17: % | Q17: Rank | R17: % | S17: Rank
B18: =INDEX('Semi-Final'!B$71:B$76,MATCH(SMALL('Semi-Final'!K$71:K$76,1),'Semi-Final'!K$71:K$76,0)) -> #REF! | C18: =#REF! -> #REF! | D18: =_xlfn.RANK.AVG(C18,C$18:C$20) -> #REF! | E18: ='[2]Top 3'!$F$16 -> 0.88 | F18: =_xlfn.RANK.AVG(E18,E$18:E$20) -> 1 | G18: ='[3]Top 3'!$F$16 -> 0.87 | H18: =_xlfn.RANK.AVG(G18,G$18:G$20) -> 3 | I18: =(C18+E18+G18)/3*100 -> #REF! | J18: =(D18+F18+H18) -> #REF! | K18: =_xlfn.RANK.AVG(J18,$J$18:$J$20,1) -> #REF! | M18: =INDEX('Semi-Final'!M$71:M$76,MATCH(SMALL('Semi-Final'!V$71:V$76,1),'Semi-Final'!V$71:V$76,0)) -> #REF! | N18: =#REF! -> #REF! | O18: =_xlfn.RANK.AVG(N18,N$18:N$20) -> #REF! | P18: ='[2]Top 3'!$M$16 -> 0.91 | Q18: =_xlfn.RANK.AVG(P18,P$18:P$20) -> 2 | R18: ='[3]Top 3'!$M$16 -> 0.95 | S18: =_xlfn.RANK.AVG(R18,R$18:R$20) -> 1 | T18: =(N18+P18+R18)/3*100 -> #REF! | U18: =(O18+Q18+S18) -> #REF! | V18: =_xlfn.RANK.AVG(U18,$U$18:$U$20,1) -> #REF!
B19: =INDEX('Semi-Final'!B$71:B$76,MATCH(SMALL('Semi-Final'!K$71:K$76,2),'Semi-Final'!K$71:K$76,0)) -> #REF! | C19: =#REF! -> #REF! | D19: =_xlfn.RANK.AVG(C19,C$18:C$20) -> #REF! | E19: ='[2]Top 3'!$F$17 -> 0.83 | F19: =_xlfn.RANK.AVG(E19,E$18:E$20) -> 3 | G19: ='[3]Top 3'!$F$17 -> 0.91 | H19: =_xlfn.RANK.AVG(G19,G$18:G$20) -> 1 | I19: =(C19+E19+G19)/3*100 -> #REF! | J19: =(D19+F19+H19) -> #REF! | K19: =_xlfn.RANK.AVG(J19,$J$18:$J$20,1) -> #REF! | M19: =INDEX('Semi-Final'!M$71:M$76,MATCH(SMALL('Semi-Final'!V$71:V$76,2),'Semi-Final'!V$71:V$76,0)) -> #REF! | N19: =#REF! -> #REF! | O19: =_xlfn.RANK.AVG(N19,N$18:N$20) -> #REF! | P19: ='[2]Top 3'!$M$17 -> 0.92 | Q19: =_xlfn.RANK.AVG(P19,P$18:P$20) -> 1 | R19: ='[3]Top 3'!$M$17 -> 0.94 | S19: =_xlfn.RANK.AVG(R19,R$18:R$20) -> 2 | T19: =(N19+P19+R19)/3*100 -> #REF! | U19: =(O19+Q19+S19) -> #REF! | V19: =_xlfn.RANK.AVG(U19,$U$18:$U$20,1) -> #REF!
B20: =INDEX('Semi-Final'!B$71:B$76,MATCH(SMALL('Semi-Final'!K$71:K$76,3),'Semi-Final'!K$71:K$76,0)) -> #REF! | C20: =#REF! -> #REF! | D20: =_xlfn.RANK.AVG(C20,C$18:C$20) -> #REF! | E20: ='[2]Top 3'!$F$18 -> 0.86 | F20: =_xlfn.RANK.AVG(E20,E$18:E$20) -> 2 | G20: ='[3]Top 3'!$F$18 -> 0.9 | H20: =_xlfn.RANK.AVG(G20,G$18:G$20) -> 2 | I20: =(C20+E20+G20)/3*100 -> #REF! | J20: =(D20+F20+H20) -> #REF! | K20: =_xlfn.RANK.AVG(J20,$J$18:$J$20,1) -> #REF! | M20: =INDEX('Semi-Final'!M$71:M$76,MATCH(SMALL('Semi-Final'!V$71:V$76,3),'Semi-Final'!V$71:V$76,0)) -> #REF! | N20: =#REF! -> #REF! | O20: =_xlfn.RANK.AVG(N20,N$18:N$20) -> #REF! | P20: ='[2]Top 3'!$M$18 -> 0.86 | Q20: =_xlfn.RANK.AVG(P20,P$18:P$20) -> 3 | R20: ='[3]Top 3'!$M$18 -> 0.93 | S20: =_xlfn.RANK.AVG(R20,R$18:R$20) -> 3 | T20: =(N20+P20+R20)/3*100 -> #REF! | U20: =(O20+Q20+S20) -> #REF! | V20: =_xlfn.RANK.AVG(U20,$U$18:$U$20,1) -> #REF!
B23: Final Round
B24: (Rank System)
B26: Male Candidates | M26: Female Candidates
B28: Contestant No. | C28: Category | I28: TOTAL RANK | J28: TOTAL % | K28: FINAL RANK | M28: Contestant No. | N28: Category | T28: TOTAL RANK | U28: TOTAL % | V28: FINAL RANK
C29: Production Number & Vintage Attire Presentation | F29: Question and Answer | N29: Production Number | Q29: Vintage Attire Presentation
C30: Rank | D30: 0.7 | F30: Rank | G30: 0.3 | N30: Rank | O30: 0.5 | Q30: Rank | R30: 0.5
B31: 1 | C31: =#REF! -> #REF! | D31: =(C31/100)*50 -> #REF! | F31: =#REF! -> #REF! | G31: =($F31*0.3) -> #REF! | I31: =(C31+F31) -> #REF! | J31: =(D31+G31)/2 -> #REF! | K31: =_xlfn.RANK.AVG(J31,#REF!,1) -> #REF! | M31: 1 | N31: =#REF! -> #REF! | O31: =(N31/100)*50 -> #REF! | Q31: =#REF! -> #REF! | R31: =($F31*0.5) -> #REF! | T31: =(N31+Q31) -> #REF! | U31: =(O31+R31)/2 -> #REF! | V31: =_xlfn.RANK.AVG(U31,#REF!,1) -> #REF!
B32: 3 | C32: =#REF! -> #REF! | D32: =(C32/100)*50 -> #REF! | F32: =#REF! -> #REF! | G32: =($F32*0.5) -> #REF! | I32: =(C32+F32) -> #REF! | J32: =(D32+G32)/2 -> #REF! | K32: =_xlfn.RANK.AVG(J32,#REF!,1) -> #REF! | M32: 3 | N32: =#REF! -> #REF! | O32: =(N32/100)*50 -> #REF! | Q32: =#REF! -> #REF! | R32: =($F32*0.5) -> #REF! | T32: =(N32+Q32) -> #REF! | U32: =(O32+R32)/2 -> #REF! | V32: =_xlfn.RANK.AVG(U32,#REF!,1) -> #REF!
B33: 12 | C33: =#REF! -> #REF! | D33: =(C33/100)*50 -> #REF! | F33: =#REF! -> #REF! | G33: =($F33*0.5) -> #REF! | I33: =(C33+F33) -> #REF! | J33: =(D33+G33)/2 -> #REF! | K33: =_xlfn.RANK.AVG(J33,#REF!,1) -> #REF! | M33: 12 | N33: =#REF! -> #REF! | O33: =(N33/100)*50 -> #REF! | Q33: =#REF! -> #REF! | R33: =($F33*0.5) -> #REF! | T33: =(N33+Q33) -> #REF! | U33: =(O33+R33)/2 -> #REF! | V33: =_xlfn.RANK.AVG(U33,#REF!,1) -> #REF!

Sheet Semi-Final Results
A2: =Dashboard!A2 -> Mister & Miss BISU TROPIKO 2024
A3: =Dashboard!A3 -> HIMAMAT 2024
A4: =Dashboard!A4 -> September 6, 2023 | BISU Balilihan Multi-Purpose Covered Court
A7: SEMI-FINAL RESULTS
D10: Best in Production Number
D11: Category
B13: =INDEX('Semi-Final'!$B$15:$B$20,MATCH(MIN('Semi-Final'!$K$15:$K$20),'Semi-Final'!$K$15:$K$20,0)) -> 4 | F13: =INDEX('Semi-Final'!$M$15:$M$20,MATCH(MIN('Semi-Final'!$V$15:$V$20),'Semi-Final'!$V$15:$V$20,0)) -> 5
C14: =_xlfn.CONCAT("CANDIDATE NO. ",B13) -> CANDIDATE NO. 4 | H14: =_xlfn.CONCAT("CANDIDATE NO. ",F13) -> CANDIDATE NO. 5
B15: Male Candidate | F15: Female Candidate
D20: Best in Tropical Attire
D21: Category
B23: =INDEX('Semi-Final'!$B$28:$B$33,MATCH(MIN('Semi-Final'!K28:K33),'Semi-Final'!K28:K33,0)) -> #REF! | F23: =INDEX('Semi-Final'!M28:M33,MATCH(MIN('Semi-Final'!V28:V33),'Semi-Final'!V28:V33,0)) -> #REF!
C24: =_xlfn.CONCAT("CANDIDATE NO. ",B23) -> #REF! | H24: =_xlfn.CONCAT("CANDIDATE NO. ",F23) -> #REF!
B25: Male Candidate | F25: Female Candidate
D29: Best in Casual Interview
D30: Category
B32: =INDEX('Semi-Final'!$B$41:$B$46,MATCH(MIN('Semi-Final'!$K$41:$K$46),'Semi-Final'!$K$41:$K$46,0)) -> 6 | F32: =INDEX('Semi-Final'!M41:M46,MATCH(MIN('Semi-Final'!V41:V46),'Semi-Final'!V41:V46,0)) -> 2
C33: =_xlfn.CONCAT("CANDIDATE NO. ",B32) -> CANDIDATE NO. 6 | H33: =_xlfn.CONCAT("CANDIDATE NO. ",F32) -> CANDIDATE NO. 2
B34: Male Candidate | F34: Female Candidate
D38: Top 3 Finalists
D39: Category
B41: =INDEX('Semi-Final'!$B$71:$B$76,MATCH(SMALL('Semi-Final'!$K$71:$K$76,1),'Semi-Final'!$K$71:$K$76,0)) -> #REF! | E41: =INDEX('Semi-Final'!$B$71:$B$76,MATCH(SMALL('Semi-Final'!$K$71:$K$76,2),'Semi-Final'!$K$71:$K$76,0)) -> #REF! | H41: =INDEX('Semi-Final'!$B$71:$B$76,MATCH(SMALL('Semi-Final'!$K$71:$K$76,3),'Semi-Final'!$K$71:$K$76,0)) -> #REF!
B42: =_xlfn.CONCAT("CANDIDATE NO. ",B41) -> #REF! | C42: =_xlfn.CONCAT("CANDIDATE NO. ",B41) -> #REF! | E42: =_xlfn.CONCAT("CANDIDATE NO. ",E41) -> #REF! | F42: =_xlfn.CONCAT("CANDIDATE NO. ",E41) -> #REF! | H42: =_xlfn.CONCAT("CANDIDATE NO. ",H41) -> #REF! | I42: =_xlfn.CONCAT("CANDIDATE NO. ",H41) -> #REF!
B43: Male Candidate | E43: Male Candidate | H43: Male Candidate
B45: =INDEX('Semi-Final'!$M$71:$M$76,MATCH(SMALL('Semi-Final'!$V$71:$V$76,1),'Semi-Final'!$V$71:$V$76,0)) -> #REF! | E45: =INDEX('Semi-Final'!$M$71:$M$76,MATCH(SMALL('Semi-Final'!$V$71:$V$76,2),'Semi-Final'!$V$71:$V$76,0)) -> #REF! | H45: =INDEX('Semi-Final'!$M$71:$M$76,MATCH(SMALL('Semi-Final'!$V$71:$V$76,3),'Semi-Final'!$V$71:$V$76,0)) -> #REF!
B46: =_xlfn.CONCAT("CANDIDATE NO. ",B45) -> #REF! | C46: =_xlfn.CONCAT("CANDIDATE NO. ",B45) -> #REF! | E46: =_xlfn.CONCAT("CANDIDATE NO. ",E45) -> #REF! | F46: =_xlfn.CONCAT("CANDIDATE NO. ",E45) -> #REF! | H46: =_xlfn.CONCAT("CANDIDATE NO. ",H45) -> #REF! | I46: =_xlfn.CONCAT("CANDIDATE NO. ",H45) -> #REF!
B47: Female Candidate | E47: Female Candidate | H47: Female Candidate
B52: RANDALL LYN B. BLASCO | E52: ENGR. EDUARDO B. CARPIO, JR. | H52: MA. KATHLEEN DUREEN M. TRAVERO
B53: Judge 2 | E53: Chairman of the Board of Judges | H53: Judge 3
E54: Judge 1
E57: JAMES ANTHONY B. ESTOCADO
E58: Tabulator

Sheet Final Results
A2: =Dashboard!A2 -> Mister & Miss BISU TROPIKO 2024
A3: =Dashboard!A3 -> HIMAMAT 2024
A4: =Dashboard!A4 -> September 6, 2023 | BISU Balilihan Multi-Purpose Covered Court
A7: FINAL RESULTS
C10: Mister & Miss BISU Tropiko 2024 - Second Runners-Up
D11: Category
B13: =INDEX(Final!B18:B20,MATCH(SMALL(Final!K18:K20,3),Final!K18:K20,0)) -> #REF! | F13: =INDEX(Final!M18:M20,MATCH(SMALL(Final!V18:V20,3),Final!V18:V20,0)) -> #REF!
C14: =_xlfn.CONCAT("CANDIDATE NO. ",B13) -> #REF! | H14: =_xlfn.CONCAT("CANDIDATE NO. ",F13) -> #REF!
B15: Male Candidate | F15: Female Candidate
C20: Mister & Miss BISU Tropiko 2024 - First Runners-Up
D21: Category
B23: =INDEX(Final!B18:B20,MATCH(SMALL(Final!K18:K20,2),Final!K18:K20,0)) -> #REF! | F23: =INDEX(Final!M18:M20,MATCH(SMALL(Final!V18:V20,2),Final!V18:V20,0)) -> #REF!
C24: =_xlfn.CONCAT("CANDIDATE NO. ",B23) -> #REF! | H24: =_xlfn.CONCAT("CANDIDATE NO. ",F23) -> #REF!
B25: Male Candidate | F25: Female Candidate
C29: Mister & Miss BISU Tropiko 2024
D30: Category
B32: =INDEX(Final!B18:B20,MATCH(SMALL(Final!K18:K20,1),Final!K18:K20,0)) -> #REF! | F32: =INDEX(Final!M18:M20,MATCH(SMALL(Final!V18:V20,1),Final!V18:V20,0)) -> #REF!
C33: =_xlfn.CONCAT("CANDIDATE NO. ",B32) -> #REF! | H33: =_xlfn.CONCAT("CANDIDATE NO. ",F32) -> #REF!
B34: Male Candidate | F34: Female Candidate
B40: RANDALL LYN B. BLASCO | E40: ENGR. EDUARDO B. CARPIO, JR. | F40: ANGELA A. CROWELL | H40: MA. KATHLEEN DUREEN M. TRAVERO | I40: MARIANITO JOSE M. LUSPO
B41: Judge 2 | E41: Chairman of the Board of Judges | H41: Judge 3
E42: Judge 1
E45: JAMES ANTHONY B. ESTOCADO
E46: Tabulator
